DH001,KH001,TV001,DV001,KV003,Hoàng Văn Nam,"22 Tôn Thất Tùng, Đống Đa",0977777771,TG001,2026-05-25,Tiền mặt,Đã duyệt,Đang giao
DH002,KH002,TV002,DV003,KV001,Nguyễn Thu Hà,"50 Duy Tân, Cầu Giấy",0977777772,TG002,2026-05-25,Chuyển khoản,Đã duyệt,Đã giao
DH003,KH003,TV003,DV002,KV007,Trần Minh Đức,"120 Quang Trung, Hà Đông",0977777773,TG004,2026-05-26,Tiền mặt,Chờ duyệt,Chưa giao
DH004,KH001,TV001,DV001,KV001,Trần Thị Hoa,"8 Duy Tân, Cầu Giấy",0978888001,TG001,2026-01-15,Tiền mặt,Đã duyệt,Đã giao
DH005,KH006,TV008,DV002,KV001,Lê Minh Tân,"24 Xuân Thủy, Cầu Giấy",0978888002,TG002,2026-01-18,Chuyển khoản,Đã duyệt,Đã giao
DH006,KH018,TV014,DV003,KV001,Phạm Thu Hà,"3 Nguyễn Phong Sắc, Cầu Giấy",0978888003,TG003,2026-01-22,Tiền mặt,Đã duyệt,Đã giao
DH007,KH001,TV001,DV001,KV001,Hoàng Văn Đức,"15 Dịch Vọng, Cầu Giấy",0978888004,TG004,2026-02-03,Chuyển khoản,Đã duyệt,Đã giao
DH008,KH006,TV008,DV002,KV001,Vũ Thị Liên,"42 Cầu Giấy, Cầu Giấy",0978888005,TG005,2026-02-10,Tiền mặt,Đã duyệt,Đã giao
DH009,KH018,TV014,DV001,KV001,Đỗ Văn Bình,"7 Trần Đăng Ninh, Cầu Giấy",0978888006,TG001,2026-02-15,Chuyển khoản,Đã duyệt,Đã giao
DH010,KH001,TV001,DV003,KV001,Ngô Thị Ngọc,"19 Xuân Thủy, Cầu Giấy",0978888007,TG002,2026-03-01,Tiền mặt,Đã duyệt,Đã giao
DH011,KH006,TV008,DV001,KV001,Nguyễn Văn Khánh,"56 Duy Tân, Cầu Giấy",0978888008,TG003,2026-03-15,Chuyển khoản,Đã duyệt,Đã giao
DH012,KH018,TV014,DV002,KV001,Trần Thị Nhung,"11 Dịch Vọng, Cầu Giấy",0978888009,TG004,2026-03-20,Tiền mặt,Đã duyệt,Đã giao
DH013,KH001,TV001,DV001,KV001,Lê Văn Chính,"33 Cầu Giấy, Cầu Giấy",0978888010,TG005,2026-04-05,Chuyển khoản,Đã duyệt,Đang giao
DH014,KH006,TV008,DV003,KV001,Phạm Thị Bảo,"62 Xuân Thủy, Cầu Giấy",0978888011,TG001,2026-04-12,Tiền mặt,Đã duyệt,Đã giao
DH015,KH018,TV014,DV001,KV001,Vũ Minh Quân,"28 Nguyễn Phong Sắc, Cầu Giấy",0978888012,TG002,2026-04-20,Chuyển khoản,Đã duyệt,Đang giao
DH016,KH001,TV001,DV002,KV001,Đỗ Thị Tuyết,"9 Duy Tân, Cầu Giấy",0978888013,TG003,2026-05-03,Tiền mặt,Chờ duyệt,Chưa giao
DH017,KH006,TV008,DV001,KV001,Ngô Văn Phú,"47 Dịch Vọng, Cầu Giấy",0978888014,TG004,2026-05-20,Chuyển khoản,Chờ duyệt,Chưa giao
DH018,KH007,TV006,DV002,KV002,Bùi Thị Duyên,"38 Kim Mã, Ba Đình",0978888015,TG005,2026-01-16,Tiền mặt,Đã duyệt,Đã giao
DH019,KH008,TV012,DV001,KV002,Cao Văn Thắng,"22 Đội Cấn, Ba Đình",0978888016,TG001,2026-01-20,Chuyển khoản,Đã duyệt,Đã giao
DH020,KH019,TV006,DV003,KV002,Lưu Minh Đạt,"5 Hoàng Diệu, Ba Đình",0978888017,TG002,2026-01-28,Tiền mặt,Đã duyệt,Đã giao
DH021,KH007,TV012,DV001,KV002,Nguyễn Thị Hương,"43 Phan Đình Phùng, Ba Đình",0978888018,TG003,2026-02-05,Chuyển khoản,Đã duyệt,Đã giao
DH022,KH008,TV006,DV002,KV002,Trần Văn Mạnh,"17 Nguyễn Tri Phương, Ba Đình",0978888019,TG004,2026-02-12,Tiền mặt,Đã duyệt,Đã giao
DH023,KH019,TV012,DV001,KV002,Lê Thị Kim,"8 Liễu Giai, Ba Đình",0978888020,TG005,2026-02-18,Chuyển khoản,Đã duyệt,Đã giao
DH024,KH007,TV006,DV003,KV002,Phạm Văn Nghĩa,"60 Kim Mã, Ba Đình",0978888021,TG001,2026-03-05,Tiền mặt,Đã duyệt,Đã giao
DH025,KH008,TV012,DV001,KV002,Vũ Thị Thảo,"34 Đội Cấn, Ba Đình",0978888022,TG002,2026-03-10,Chuyển khoản,Đã duyệt,Đã giao
DH026,KH019,TV006,DV002,KV002,Đỗ Văn Trường,"14 Hoàng Diệu, Ba Đình",0978888023,TG003,2026-03-18,Tiền mặt,Đã duyệt,Đã giao
DH027,KH007,TV012,DV001,KV002,Hoàng Thị Xuân,"51 Phan Đình Phùng, Ba Đình",0978888024,TG004,2026-04-02,Chuyển khoản,Đã duyệt,Đã giao
DH028,KH008,TV006,DV003,KV002,Tô Văn Linh,"26 Nguyễn Tri Phương, Ba Đình",0978888025,TG005,2026-04-08,Tiền mặt,Đã duyệt,Đang giao
DH029,KH019,TV012,DV001,KV002,Nguyễn Văn Hùng,"7 Liễu Giai, Ba Đình",0978888026,TG001,2026-04-15,Chuyển khoản,Đã duyệt,Đang giao
DH030,KH007,TV006,DV002,KV002,Trần Thị Tươi,"42 Kim Mã, Ba Đình",0978888027,TG002,2026-05-05,Tiền mặt,Chờ duyệt,Chưa giao
DH031,KH008,TV012,DV001,KV002,Lê Thị Hồng,"18 Đội Cấn, Ba Đình",0978888028,TG003,2026-05-15,Chuyển khoản,Chờ duyệt,Chưa giao
DH032,KH002,TV004,DV001,KV003,Phạm Văn Dương,"72 Chùa Bộc, Đống Đa",0978888029,TG004,2026-01-17,Tiền mặt,Đã duyệt,Đã giao
DH033,KH009,TV009,DV002,KV003,Vũ Thị Hồng,"15 Tây Sơn, Đống Đa",0978888030,TG005,2026-01-21,Chuyển khoản,Đã duyệt,Đã giao
DH034,KH020,TV004,DV003,KV003,Đỗ Văn Hà,"23 Nguyễn Lương Bằng, Đống Đa",0978888031,TG001,2026-01-25,Tiền mặt,Đã duyệt,Đã giao
DH035,KH002,TV009,DV001,KV003,Trịnh Thị Mai,"48 Láng Hạ, Đống Đa",0978888032,TG002,2026-02-04,Chuyển khoản,Đã duyệt,Đã giao
DH036,KH009,TV004,DV002,KV003,Ngô Văn Tiến,"9 Xã Đàn, Đống Đa",0978888033,TG003,2026-02-11,Tiền mặt,Đã duyệt,Đã giao
DH037,KH020,TV009,DV001,KV003,Phan Thị Vân,"31 Đặng Tiến Đông, Đống Đa",0978888034,TG004,2026-02-20,Chuyển khoản,Đã duyệt,Đã giao
DH038,KH002,TV004,DV003,KV003,Cao Văn Minh,"67 Chùa Bộc, Đống Đa",0978888035,TG005,2026-03-02,Tiền mặt,Đã duyệt,Đã giao
DH039,KH009,TV009,DV001,KV003,Lưu Thị Thương,"28 Tây Sơn, Đống Đa",0978888036,TG001,2026-03-08,Chuyển khoản,Đã duyệt,Đã giao
DH040,KH020,TV004,DV002,KV003,Bùi Văn Hải,"5 Nguyễn Lương Bằng, Đống Đa",0978888037,TG002,2026-03-16,Tiền mặt,Đã duyệt,Đã giao
DH041,KH002,TV009,DV001,KV003,Nguyễn Thị Hằng,"52 Láng Hạ, Đống Đa",0978888038,TG003,2026-04-01,Chuyển khoản,Đã duyệt,Đã giao
DH042,KH009,TV004,DV003,KV003,Trần Văn Tài,"14 Xã Đàn, Đống Đa",0978888039,TG004,2026-04-09,Tiền mặt,Đã duyệt,Đang giao
DH043,KH020,TV009,DV001,KV003,Lê Thị Thủy,"39 Đặng Tiến Đông, Đống Đa",0978888040,TG005,2026-04-18,Chuyển khoản,Đã duyệt,Đã giao
DH044,KH002,TV004,DV002,KV003,Phạm Minh Khoa,"76 Chùa Bộc, Đống Đa",0978888041,TG001,2026-05-06,Tiền mặt,Chờ duyệt,Chưa giao
DH045,KH009,TV009,DV001,KV003,Vũ Văn Dũng,"21 Tây Sơn, Đống Đa",0978888042,TG002,2026-05-18,Chuyển khoản,Chờ duyệt,Chưa giao
DH046,KH003,TV002,DV003,KV004,Đỗ Thị Bình,"84 Bà Triệu, Hai Bà Trưng",0978888043,TG003,2026-01-19,Tiền mặt,Đã duyệt,Đã giao
DH047,KH010,TV010,DV001,KV004,Hoàng Văn Phong,"29 Phố Huế, Hai Bà Trưng",0978888044,TG004,2026-01-23,Chuyển khoản,Đã duyệt,Đã giao
DH048,KH011,TV002,DV002,KV004,Trịnh Thị Tâm,"16 Đại Cồ Việt, Hai Bà Trưng",0978888045,TG005,2026-01-27,Tiền mặt,Đã duyệt,Đã giao
DH049,KH003,TV010,DV001,KV004,Nguyễn Văn Tú,"45 Lê Duẩn, Hai Bà Trưng",0978888046,TG001,2026-02-06,Chuyển khoản,Đã duyệt,Đã giao
DH050,KH010,TV002,DV003,KV004,Trần Thị Lệ,"70 Trần Nhân Tông, Hai Bà Trưng",0978888047,TG002,2026-02-13,Tiền mặt,Đã duyệt,Đã giao
DH051,KH011,TV010,DV001,KV004,Lê Văn Bảo,"8 Bạch Mai, Hai Bà Trưng",0978888048,TG003,2026-02-19,Chuyển khoản,Đã duyệt,Đã giao
DH052,KH003,TV002,DV002,KV004,Phạm Thị Thu,"53 Bà Triệu, Hai Bà Trưng",0978888049,TG004,2026-03-04,Tiền mặt,Đã duyệt,Đã giao
DH053,KH010,TV010,DV001,KV004,Vũ Văn Hòa,"37 Phố Huế, Hai Bà Trưng",0978888050,TG005,2026-03-12,Chuyển khoản,Đã duyệt,Đã giao
DH054,KH011,TV002,DV003,KV004,Đỗ Thị Loan,"22 Đại Cồ Việt, Hai Bà Trưng",0978888051,TG001,2026-03-19,Tiền mặt,Đã duyệt,Đã giao
DH055,KH003,TV010,DV001,KV004,Ngô Văn Cường,"61 Lê Duẩn, Hai Bà Trưng",0978888052,TG002,2026-04-04,Chuyển khoản,Đã duyệt,Đã giao
DH056,KH010,TV002,DV002,KV004,Phan Thị Giang,"18 Trần Nhân Tông, Hai Bà Trưng",0978888053,TG003,2026-04-11,Tiền mặt,Đã duyệt,Đang giao
DH057,KH011,TV010,DV001,KV004,Cao Văn Hoàng,"44 Bạch Mai, Hai Bà Trưng",0978888054,TG004,2026-04-19,Chuyển khoản,Đã duyệt,Đang giao
DH058,KH003,TV002,DV003,KV004,Lưu Thị Diệu,"69 Bà Triệu, Hai Bà Trưng",0978888055,TG005,2026-05-07,Tiền mặt,Chờ duyệt,Chưa giao
DH059,KH010,TV010,DV001,KV004,Bùi Văn Long,"33 Phố Huế, Hai Bà Trưng",0978888056,TG001,2026-05-16,Chuyển khoản,Chờ duyệt,Chưa giao
DH060,KH012,TV007,DV002,KV005,Nguyễn Thị Nhàn,"56 Giải Phóng, Hoàng Mai",0978888057,TG002,2026-01-20,Tiền mặt,Đã duyệt,Đã giao
DH061,KH013,TV015,DV001,KV005,Trần Văn Đức,"18 Định Công, Hoàng Mai",0978888058,TG003,2026-01-24,Chuyển khoản,Đã duyệt,Đã giao
DH062,KH012,TV007,DV003,KV005,Lê Thị Doan,"35 Tân Mai, Hoàng Mai",0978888059,TG004,2026-02-07,Tiền mặt,Đã duyệt,Đã giao
DH063,KH013,TV015,DV001,KV005,Phạm Văn Trình,"72 Nguyễn Xiển, Hoàng Mai",0978888060,TG005,2026-02-14,Chuyển khoản,Đã duyệt,Đã giao
DH064,KH012,TV007,DV002,KV005,Vũ Thị Hạnh,"11 Đại Kim, Hoàng Mai",0978888061,TG001,2026-02-21,Tiền mặt,Đã duyệt,Đã giao
DH065,KH013,TV015,DV001,KV005,Đỗ Văn Thành,"48 Lĩnh Nam, Hoàng Mai",0978888062,TG002,2026-03-06,Chuyển khoản,Đã duyệt,Đã giao
DH066,KH012,TV007,DV003,KV005,Hoàng Thị Lý,"24 Giải Phóng, Hoàng Mai",0978888063,TG003,2026-03-14,Tiền mặt,Đã duyệt,Đã giao
DH067,KH013,TV015,DV001,KV005,Trịnh Văn Sáng,"63 Định Công, Hoàng Mai",0978888064,TG004,2026-03-22,Chuyển khoản,Đã duyệt,Đã giao
DH068,KH012,TV007,DV002,KV005,Ngô Thị Bình,"9 Tân Mai, Hoàng Mai",0978888065,TG005,2026-04-06,Tiền mặt,Đã duyệt,Đã giao
DH069,KH013,TV015,DV001,KV005,Phan Văn Mạnh,"41 Nguyễn Xiển, Hoàng Mai",0978888066,TG001,2026-04-14,Chuyển khoản,Đã duyệt,Đang giao
DH070,KH012,TV007,DV003,KV005,Cao Thị Thoa,"77 Đại Kim, Hoàng Mai",0978888067,TG002,2026-04-22,Tiền mặt,Chờ duyệt,Chưa giao
DH071,KH013,TV015,DV001,KV005,Lưu Văn Phú,"15 Lĩnh Nam, Hoàng Mai",0978888068,TG003,2026-05-08,Chuyển khoản,Đã duyệt,Đang giao
DH072,KH012,TV007,DV002,KV005,Bùi Thị Xinh,"52 Giải Phóng, Hoàng Mai",0978888069,TG004,2026-05-21,Tiền mặt,Chờ duyệt,Chưa giao
DH073,KH004,TV003,DV001,KV006,Nguyễn Văn Cảnh,"75 Khuất Duy Tiến, Thanh Xuân",0978888070,TG005,2026-01-22,Chuyển khoản,Đã duyệt,Đã giao
DH074,KH014,TV011,DV002,KV006,Trần Thị Hương,"19 Khương Đình, Thanh Xuân",0978888071,TG001,2026-01-26,Tiền mặt,Đã duyệt,Đã giao
DH075,KH015,TV003,DV003,KV006,Lê Văn Thái,"44 Vương Thừa Vũ, Thanh Xuân",0978888072,TG002,2026-01-30,Chuyển khoản,Đã duyệt,Đã giao
DH076,KH004,TV011,DV001,KV006,Phạm Thị Cúc,"28 Nguyễn Trãi, Thanh Xuân",0978888073,TG003,2026-02-08,Tiền mặt,Đã duyệt,Đã giao
DH077,KH014,TV003,DV002,KV006,Vũ Văn Quý,"61 Lê Trọng Tấn, Thanh Xuân",0978888074,TG004,2026-02-16,Chuyển khoản,Đã duyệt,Đã giao
DH078,KH015,TV011,DV001,KV006,Đỗ Thị Minh,"7 Triều Khúc, Thanh Xuân",0978888075,TG005,2026-02-22,Tiền mặt,Đã duyệt,Đã giao
DH079,KH004,TV003,DV003,KV006,Hoàng Văn Khải,"36 Khuất Duy Tiến, Thanh Xuân",0978888076,TG001,2026-03-07,Chuyển khoản,Đã duyệt,Đã giao
DH080,KH014,TV011,DV001,KV006,Trịnh Thị Duyên,"53 Khương Đình, Thanh Xuân",0978888077,TG002,2026-03-13,Tiền mặt,Đã duyệt,Đã giao
DH081,KH015,TV003,DV002,KV006,Ngô Văn Đạt,"17 Vương Thừa Vũ, Thanh Xuân",0978888078,TG003,2026-03-21,Chuyển khoản,Đã duyệt,Đã giao
DH082,KH004,TV011,DV001,KV006,Phan Thị Dung,"82 Nguyễn Trãi, Thanh Xuân",0978888079,TG004,2026-04-03,Tiền mặt,Đã duyệt,Đang giao
DH083,KH014,TV003,DV003,KV006,Cao Văn Lực,"46 Lê Trọng Tấn, Thanh Xuân",0978888080,TG005,2026-04-10,Chuyển khoản,Đã duyệt,Đã giao
DH084,KH015,TV011,DV001,KV006,Lưu Thị Ngọc,"25 Triều Khúc, Thanh Xuân",0978888081,TG001,2026-05-04,Tiền mặt,Chờ duyệt,Chưa giao
DH085,KH004,TV003,DV002,KV006,Bùi Văn Hiệp,"68 Khuất Duy Tiến, Thanh Xuân",0978888082,TG002,2026-05-19,Chuyển khoản,Chờ duyệt,Chưa giao
DH086,KH005,TV005,DV003,KV007,Nguyễn Thị Trang,"34 Trần Phú, Hà Đông",0978888083,TG003,2026-01-16,Tiền mặt,Đã duyệt,Đã giao
DH087,KH016,TV013,DV001,KV007,Trần Văn Khoa,"18 Tô Hiệu, Hà Đông",0978888084,TG004,2026-01-21,Chuyển khoản,Đã duyệt,Đã giao
DH088,KH017,TV005,DV002,KV007,Lê Thị Minh,"57 Quang Trung, Hà Đông",0978888085,TG005,2026-01-25,Tiền mặt,Đã duyệt,Đã giao
DH089,KH005,TV013,DV001,KV007,Phạm Văn Sinh,"29 Lê Lợi, Hà Đông",0978888086,TG001,2026-02-09,Chuyển khoản,Đã duyệt,Đã giao
DH090,KH016,TV005,DV003,KV007,Vũ Thị Huệ,"73 Lê Văn Lương, Hà Đông",0978888087,TG002,2026-02-15,Tiền mặt,Đã duyệt,Đã giao
DH091,KH017,TV013,DV001,KV007,Đỗ Văn Thịnh,"14 Trần Phú, Hà Đông",0978888088,TG003,2026-02-20,Chuyển khoản,Đã duyệt,Đã giao
DH092,KH005,TV005,DV002,KV007,Hoàng Thị Ngân,"48 Nguyễn Trãi, Hà Đông",0978888089,TG004,2026-03-03,Tiền mặt,Đã duyệt,Đã giao
DH093,KH016,TV013,DV001,KV007,Trịnh Văn Hải,"62 Tô Hiệu, Hà Đông",0978888090,TG005,2026-03-11,Chuyển khoản,Đã duyệt,Đã giao
DH094,KH017,TV005,DV003,KV007,Ngô Thị Linh,"37 Quang Trung, Hà Đông",0978888091,TG001,2026-03-17,Tiền mặt,Đã duyệt,Đã giao
DH095,KH005,TV013,DV001,KV007,Phan Văn Tuấn,"21 Lê Lợi, Hà Đông",0978888092,TG002,2026-04-07,Chuyển khoản,Đã duyệt,Đã giao
DH096,KH016,TV005,DV002,KV007,Cao Thị Thủy,"55 Lê Văn Lương, Hà Đông",0978888093,TG003,2026-04-13,Tiền mặt,Đã duyệt,Đang giao
DH097,KH017,TV013,DV001,KV007,Lưu Văn Đức,"8 Trần Phú, Hà Đông",0978888094,TG004,2026-04-21,Chuyển khoản,Đã duyệt,Đã giao
DH098,KH005,TV005,DV003,KV007,Bùi Thị Lan,"44 Nguyễn Trãi, Hà Đông",0978888095,TG005,2026-04-28,Tiền mặt,Đã duyệt,Đã giao
DH099,KH016,TV013,DV001,KV007,Nguyễn Văn Tuệ,"69 Tô Hiệu, Hà Đông",0978888096,TG001,2026-05-10,Chuyển khoản,Chờ duyệt,Chưa giao
DH100,KH017,TV005,DV002,KV007,Trần Thị Hậu,"25 Quang Trung, Hà Đông",0978888097,TG002,2026-05-22,Tiền mặt,Chờ duyệt,Chưa giao
